ArcID,GCRC,Lon,Lat,geometry
26439,26425,-112.75,49.25,POINT (-112.75 49.25)
26440,26426,-112.25,49.25,POINT (-112.25 49.25)
26441,26427,-111.75,49.25,POINT (-111.75 49.25)
26444,26430,-110.25,49.25,POINT (-110.25 49.25)
26445,26431,-109.75,49.25,POINT (-109.75 49.25)
26446,26432,-109.25,49.25,POINT (-109.25 49.25)
26447,26433,-108.75,49.25,POINT (-108.75 49.25)
26448,26434,-108.25,49.25,POINT (-108.25 49.25)
26449,26435,-107.75,49.25,POINT (-107.75 49.25)
26452,26438,-106.25,49.25,POINT (-106.25 49.25)
26453,26439,-105.75,49.25,POINT (-105.75 49.25)
26455,26441,-104.75,49.25,POINT (-104.75 49.25)
26872,26858,-113.25,48.75,POINT (-113.25 48.75)
26873,26859,-112.75,48.75,POINT (-112.75 48.75)
26874,26860,-112.25,48.75,POINT (-112.25 48.75)
26875,26861,-111.75,48.75,POINT (-111.75 48.75)
26876,26862,-111.25,48.75,POINT (-111.25 48.75)
26877,26863,-110.75,48.75,POINT (-110.75 48.75)
26878,26864,-110.25,48.75,POINT (-110.25 48.75)
26879,26865,-109.75,48.75,POINT (-109.75 48.75)
26880,26866,-109.25,48.75,POINT (-109.25 48.75)
26881,26867,-108.75,48.75,POINT (-108.75 48.75)
26882,26868,-108.25,48.75,POINT (-108.25 48.75)
26883,26869,-107.75,48.75,POINT (-107.75 48.75)
26884,26870,-107.25,48.75,POINT (-107.25 48.75)
26885,26871,-106.75,48.75,POINT (-106.75 48.75)
26886,26872,-106.25,48.75,POINT (-106.25 48.75)
26887,26873,-105.75,48.75,POINT (-105.75 48.75)
26888,26874,-105.25,48.75,POINT (-105.25 48.75)
26889,26875,-104.75,48.75,POINT (-104.75 48.75)
26890,26876,-104.25,48.75,POINT (-104.25 48.75)
26891,26877,-103.75,48.75,POINT (-103.75 48.75)
26892,26878,-103.25,48.75,POINT (-103.25 48.75)
26893,26879,-102.75,48.75,POINT (-102.75 48.75)
27302,27288,-112.75,48.25,POINT (-112.75 48.25)
27303,27289,-112.25,48.25,POINT (-112.25 48.25)
27304,27290,-111.75,48.25,POINT (-111.75 48.25)
27305,27291,-111.25,48.25,POINT (-111.25 48.25)
27306,27292,-110.75,48.25,POINT (-110.75 48.25)
27307,27293,-110.25,48.25,POINT (-110.25 48.25)
27308,27294,-109.75,48.25,POINT (-109.75 48.25)
27309,27295,-109.25,48.25,POINT (-109.25 48.25)
27310,27296,-108.75,48.25,POINT (-108.75 48.25)
27311,27297,-108.25,48.25,POINT (-108.25 48.25)
27312,27298,-107.75,48.25,POINT (-107.75 48.25)
27313,27299,-107.25,48.25,POINT (-107.25 48.25)
27314,27300,-106.75,48.25,POINT (-106.75 48.25)
27315,27301,-106.25,48.25,POINT (-106.25 48.25)
27316,27302,-105.75,48.25,POINT (-105.75 48.25)
27317,27303,-105.25,48.25,POINT (-105.25 48.25)
27318,27304,-104.75,48.25,POINT (-104.75 48.25)
27319,27305,-104.25,48.25,POINT (-104.25 48.25)
27320,27306,-103.75,48.25,POINT (-103.75 48.25)
27321,27307,-103.25,48.25,POINT (-103.25 48.25)
27322,27308,-102.75,48.25,POINT (-102.75 48.25)
27323,27309,-102.25,48.25,POINT (-102.25 48.25)
27732,27714,-112.75,47.75,POINT (-112.75 47.75)
27733,27715,-112.25,47.75,POINT (-112.25 47.75)
27734,27716,-111.75,47.75,POINT (-111.75 47.75)
27735,27717,-111.25,47.75,POINT (-111.25 47.75)
27736,27718,-110.75,47.75,POINT (-110.75 47.75)
27737,27719,-110.25,47.75,POINT (-110.25 47.75)
27738,27720,-109.75,47.75,POINT (-109.75 47.75)
27739,27721,-109.25,47.75,POINT (-109.25 47.75)
27740,27722,-108.75,47.75,POINT (-108.75 47.75)
27741,27723,-108.25,47.75,POINT (-108.25 47.75)
27742,27724,-107.75,47.75,POINT (-107.75 47.75)
27743,27725,-107.25,47.75,POINT (-107.25 47.75)
27744,27726,-106.75,47.75,POINT (-106.75 47.75)
27745,27727,-106.25,47.75,POINT (-106.25 47.75)
27746,27728,-105.75,47.75,POINT (-105.75 47.75)
27747,27729,-105.25,47.75,POINT (-105.25 47.75)
27748,27730,-104.75,47.75,POINT (-104.75 47.75)
27749,27731,-104.25,47.75,POINT (-104.25 47.75)
27750,27732,-103.75,47.75,POINT (-103.75 47.75)
27751,27733,-103.25,47.75,POINT (-103.25 47.75)
27752,27734,-102.75,47.75,POINT (-102.75 47.75)
27753,27735,-102.25,47.75,POINT (-102.25 47.75)
27754,27736,-101.75,47.75,POINT (-101.75 47.75)
27755,27737,-101.25,47.75,POINT (-101.25 47.75)
28158,28135,-112.75,47.25,POINT (-112.75 47.25)
28159,28136,-112.25,47.25,POINT (-112.25 47.25)
28160,28137,-111.75,47.25,POINT (-111.75 47.25)
28161,28138,-111.25,47.25,POINT (-111.25 47.25)
28162,28139,-110.75,47.25,POINT (-110.75 47.25)
28163,28140,-110.25,47.25,POINT (-110.25 47.25)
28164,28141,-109.75,47.25,POINT (-109.75 47.25)
28165,28142,-109.25,47.25,POINT (-109.25 47.25)
28166,28143,-108.75,47.25,POINT (-108.75 47.25)
28167,28144,-108.25,47.25,POINT (-108.25 47.25)
28168,28145,-107.75,47.25,POINT (-107.75 47.25)
28169,28146,-107.25,47.25,POINT (-107.25 47.25)
28170,28147,-106.75,47.25,POINT (-106.75 47.25)
28171,28148,-106.25,47.25,POINT (-106.25 47.25)
28172,28149,-105.75,47.25,POINT (-105.75 47.25)
28173,28150,-105.25,47.25,POINT (-105.25 47.25)
28174,28151,-104.75,47.25,POINT (-104.75 47.25)
28175,28152,-104.25,47.25,POINT (-104.25 47.25)
28176,28153,-103.75,47.25,POINT (-103.75 47.25)
28177,28154,-103.25,47.25,POINT (-103.25 47.25)
28178,28155,-102.75,47.25,POINT (-102.75 47.25)
28179,28156,-102.25,47.25,POINT (-102.25 47.25)
28180,28157,-101.75,47.25,POINT (-101.75 47.25)
28181,28158,-101.25,47.25,POINT (-101.25 47.25)
28182,28159,-100.75,47.25,POINT (-100.75 47.25)
28183,28160,-100.25,47.25,POINT (-100.25 47.25)
28184,28161,-99.75,47.25,POINT (-99.75 47.25)
28185,28162,-99.25,47.25,POINT (-99.25 47.25)
28186,28163,-98.75,47.25,POINT (-98.75 47.25)
28193,28170,-95.25,47.25,POINT (-95.25 47.25)
28194,28171,-94.75,47.25,POINT (-94.75 47.25)
28195,28172,-94.25,47.25,POINT (-94.25 47.25)
28196,28173,-93.75,47.25,POINT (-93.75 47.25)
28197,28174,-93.25,47.25,POINT (-93.25 47.25)
28579,28547,-112.25,46.75,POINT (-112.25 46.75)
28580,28548,-111.75,46.75,POINT (-111.75 46.75)
28581,28549,-111.25,46.75,POINT (-111.25 46.75)
28582,28550,-110.75,46.75,POINT (-110.75 46.75)
28583,28551,-110.25,46.75,POINT (-110.25 46.75)
28584,28552,-109.75,46.75,POINT (-109.75 46.75)
28585,28553,-109.25,46.75,POINT (-109.25 46.75)
28586,28554,-108.75,46.75,POINT (-108.75 46.75)
28587,28555,-108.25,46.75,POINT (-108.25 46.75)
28588,28556,-107.75,46.75,POINT (-107.75 46.75)
28589,28557,-107.25,46.75,POINT (-107.25 46.75)
28590,28558,-106.75,46.75,POINT (-106.75 46.75)
28591,28559,-106.25,46.75,POINT (-106.25 46.75)
28592,28560,-105.75,46.75,POINT (-105.75 46.75)
28593,28561,-105.25,46.75,POINT (-105.25 46.75)
28594,28562,-104.75,46.75,POINT (-104.75 46.75)
28595,28563,-104.25,46.75,POINT (-104.25 46.75)
28596,28564,-103.75,46.75,POINT (-103.75 46.75)
28597,28565,-103.25,46.75,POINT (-103.25 46.75)
28598,28566,-102.75,46.75,POINT (-102.75 46.75)
28599,28567,-102.25,46.75,POINT (-102.25 46.75)
28600,28568,-101.75,46.75,POINT (-101.75 46.75)
28601,28569,-101.25,46.75,POINT (-101.25 46.75)
28602,28570,-100.75,46.75,POINT (-100.75 46.75)
28603,28571,-100.25,46.75,POINT (-100.25 46.75)
28604,28572,-99.75,46.75,POINT (-99.75 46.75)
28605,28573,-99.25,46.75,POINT (-99.25 46.75)
28606,28574,-98.75,46.75,POINT (-98.75 46.75)
28607,28575,-98.25,46.75,POINT (-98.25 46.75)
28613,28581,-95.25,46.75,POINT (-95.25 46.75)
28614,28582,-94.75,46.75,POINT (-94.75 46.75)
28615,28583,-94.25,46.75,POINT (-94.25 46.75)
28616,28584,-93.75,46.75,POINT (-93.75 46.75)
28617,28585,-93.25,46.75,POINT (-93.25 46.75)
28994,28961,-112.25,46.25,POINT (-112.25 46.25)
28995,28962,-111.75,46.25,POINT (-111.75 46.25)
28996,28963,-111.25,46.25,POINT (-111.25 46.25)
28997,28964,-110.75,46.25,POINT (-110.75 46.25)
28998,28965,-110.25,46.25,POINT (-110.25 46.25)
28999,28966,-109.75,46.25,POINT (-109.75 46.25)
29000,28967,-109.25,46.25,POINT (-109.25 46.25)
29001,28968,-108.75,46.25,POINT (-108.75 46.25)
29002,28969,-108.25,46.25,POINT (-108.25 46.25)
29003,28970,-107.75,46.25,POINT (-107.75 46.25)
29004,28971,-107.25,46.25,POINT (-107.25 46.25)
29005,28972,-106.75,46.25,POINT (-106.75 46.25)
29006,28973,-106.25,46.25,POINT (-106.25 46.25)
29007,28974,-105.75,46.25,POINT (-105.75 46.25)
29008,28975,-105.25,46.25,POINT (-105.25 46.25)
29009,28976,-104.75,46.25,POINT (-104.75 46.25)
29010,28977,-104.25,46.25,POINT (-104.25 46.25)
29011,28978,-103.75,46.25,POINT (-103.75 46.25)
29012,28979,-103.25,46.25,POINT (-103.25 46.25)
29013,28980,-102.75,46.25,POINT (-102.75 46.25)
29014,28981,-102.25,46.25,POINT (-102.25 46.25)
29015,28982,-101.75,46.25,POINT (-101.75 46.25)
29016,28983,-101.25,46.25,POINT (-101.25 46.25)
29017,28984,-100.75,46.25,POINT (-100.75 46.25)
29018,28985,-100.25,46.25,POINT (-100.25 46.25)
29019,28986,-99.75,46.25,POINT (-99.75 46.25)
29020,28987,-99.25,46.25,POINT (-99.25 46.25)
29021,28988,-98.75,46.25,POINT (-98.75 46.25)
29022,28989,-98.25,46.25,POINT (-98.25 46.25)
29028,28995,-95.25,46.25,POINT (-95.25 46.25)
29029,28996,-94.75,46.25,POINT (-94.75 46.25)
29030,28997,-94.25,46.25,POINT (-94.25 46.25)
29031,28998,-93.75,46.25,POINT (-93.75 46.25)
29032,28999,-93.25,46.25,POINT (-93.25 46.25)
29033,29000,-92.75,46.25,POINT (-92.75 46.25)
29034,29001,-92.25,46.25,POINT (-92.25 46.25)
29035,29002,-91.75,46.25,POINT (-91.75 46.25)
29036,29003,-91.25,46.25,POINT (-91.25 46.25)
29038,29005,-90.25,46.25,POINT (-90.25 46.25)
29394,29361,-113.75,45.75,POINT (-113.75 45.75)
29395,29362,-113.25,45.75,POINT (-113.25 45.75)
29396,29363,-112.75,45.75,POINT (-112.75 45.75)
29397,29364,-112.25,45.75,POINT (-112.25 45.75)
29398,29365,-111.75,45.75,POINT (-111.75 45.75)
29399,29366,-111.25,45.75,POINT (-111.25 45.75)
29400,29367,-110.75,45.75,POINT (-110.75 45.75)
29401,29368,-110.25,45.75,POINT (-110.25 45.75)
29402,29369,-109.75,45.75,POINT (-109.75 45.75)
29403,29370,-109.25,45.75,POINT (-109.25 45.75)
29404,29371,-108.75,45.75,POINT (-108.75 45.75)
29405,29372,-108.25,45.75,POINT (-108.25 45.75)
29406,29373,-107.75,45.75,POINT (-107.75 45.75)
29407,29374,-107.25,45.75,POINT (-107.25 45.75)
29408,29375,-106.75,45.75,POINT (-106.75 45.75)
29409,29376,-106.25,45.75,POINT (-106.25 45.75)
29410,29377,-105.75,45.75,POINT (-105.75 45.75)
29411,29378,-105.25,45.75,POINT (-105.25 45.75)
29412,29379,-104.75,45.75,POINT (-104.75 45.75)
29413,29380,-104.25,45.75,POINT (-104.25 45.75)
29414,29381,-103.75,45.75,POINT (-103.75 45.75)
29415,29382,-103.25,45.75,POINT (-103.25 45.75)
29416,29383,-102.75,45.75,POINT (-102.75 45.75)
29417,29384,-102.25,45.75,POINT (-102.25 45.75)
29418,29385,-101.75,45.75,POINT (-101.75 45.75)
29419,29386,-101.25,45.75,POINT (-101.25 45.75)
29420,29387,-100.75,45.75,POINT (-100.75 45.75)
29421,29388,-100.25,45.75,POINT (-100.25 45.75)
29422,29389,-99.75,45.75,POINT (-99.75 45.75)
29423,29390,-99.25,45.75,POINT (-99.25 45.75)
29424,29391,-98.75,45.75,POINT (-98.75 45.75)
29425,29392,-98.25,45.75,POINT (-98.25 45.75)
29426,29393,-97.75,45.75,POINT (-97.75 45.75)
29427,29394,-97.25,45.75,POINT (-97.25 45.75)
29430,29397,-95.75,45.75,POINT (-95.75 45.75)
29431,29398,-95.25,45.75,POINT (-95.25 45.75)
29432,29399,-94.75,45.75,POINT (-94.75 45.75)
29433,29400,-94.25,45.75,POINT (-94.25 45.75)
29434,29401,-93.75,45.75,POINT (-93.75 45.75)
29435,29402,-93.25,45.75,POINT (-93.25 45.75)
29436,29403,-92.75,45.75,POINT (-92.75 45.75)
29437,29404,-92.25,45.75,POINT (-92.25 45.75)
29438,29405,-91.75,45.75,POINT (-91.75 45.75)
29439,29406,-91.25,45.75,POINT (-91.25 45.75)
29440,29407,-90.75,45.75,POINT (-90.75 45.75)
29441,29408,-90.25,45.75,POINT (-90.25 45.75)
29442,29409,-89.75,45.75,POINT (-89.75 45.75)
29443,29410,-89.25,45.75,POINT (-89.25 45.75)
29792,29756,-113.25,45.25,POINT (-113.25 45.25)
29793,29757,-112.75,45.25,POINT (-112.75 45.25)
29794,29758,-112.25,45.25,POINT (-112.25 45.25)
29795,29759,-111.75,45.25,POINT (-111.75 45.25)
29796,29760,-111.25,45.25,POINT (-111.25 45.25)
29797,29761,-110.75,45.25,POINT (-110.75 45.25)
29798,29762,-110.25,45.25,POINT (-110.25 45.25)
29799,29763,-109.75,45.25,POINT (-109.75 45.25)
29800,29764,-109.25,45.25,POINT (-109.25 45.25)
29801,29765,-108.75,45.25,POINT (-108.75 45.25)
29802,29766,-108.25,45.25,POINT (-108.25 45.25)
29803,29767,-107.75,45.25,POINT (-107.75 45.25)
29804,29768,-107.25,45.25,POINT (-107.25 45.25)
29805,29769,-106.75,45.25,POINT (-106.75 45.25)
29806,29770,-106.25,45.25,POINT (-106.25 45.25)
29807,29771,-105.75,45.25,POINT (-105.75 45.25)
29808,29772,-105.25,45.25,POINT (-105.25 45.25)
29809,29773,-104.75,45.25,POINT (-104.75 45.25)
29810,29774,-104.25,45.25,POINT (-104.25 45.25)
29811,29775,-103.75,45.25,POINT (-103.75 45.25)
29812,29776,-103.25,45.25,POINT (-103.25 45.25)
29813,29777,-102.75,45.25,POINT (-102.75 45.25)
29814,29778,-102.25,45.25,POINT (-102.25 45.25)
29815,29779,-101.75,45.25,POINT (-101.75 45.25)
29816,29780,-101.25,45.25,POINT (-101.25 45.25)
29817,29781,-100.75,45.25,POINT (-100.75 45.25)
29818,29782,-100.25,45.25,POINT (-100.25 45.25)
29819,29783,-99.75,45.25,POINT (-99.75 45.25)
29820,29784,-99.25,45.25,POINT (-99.25 45.25)
29821,29785,-98.75,45.25,POINT (-98.75 45.25)
29822,29786,-98.25,45.25,POINT (-98.25 45.25)
29823,29787,-97.75,45.25,POINT (-97.75 45.25)
29824,29788,-97.25,45.25,POINT (-97.25 45.25)
29825,29789,-96.75,45.25,POINT (-96.75 45.25)
29826,29790,-96.25,45.25,POINT (-96.25 45.25)
29827,29791,-95.75,45.25,POINT (-95.75 45.25)
29828,29792,-95.25,45.25,POINT (-95.25 45.25)
29829,29793,-94.75,45.25,POINT (-94.75 45.25)
29830,29794,-94.25,45.25,POINT (-94.25 45.25)
29831,29795,-93.75,45.25,POINT (-93.75 45.25)
29832,29796,-93.25,45.25,POINT (-93.25 45.25)
29833,29797,-92.75,45.25,POINT (-92.75 45.25)
29834,29798,-92.25,45.25,POINT (-92.25 45.25)
29835,29799,-91.75,45.25,POINT (-91.75 45.25)
29836,29800,-91.25,45.25,POINT (-91.25 45.25)
29837,29801,-90.75,45.25,POINT (-90.75 45.25)
29838,29802,-90.25,45.25,POINT (-90.25 45.25)
29839,29803,-89.75,45.25,POINT (-89.75 45.25)
29840,29804,-89.25,45.25,POINT (-89.25 45.25)
30193,30150,-112.75,44.75,POINT (-112.75 44.75)
30194,30151,-112.25,44.75,POINT (-112.25 44.75)
30195,30152,-111.75,44.75,POINT (-111.75 44.75)
30196,30153,-111.25,44.75,POINT (-111.25 44.75)
30197,30154,-110.75,44.75,POINT (-110.75 44.75)
30198,30155,-110.25,44.75,POINT (-110.25 44.75)
30199,30156,-109.75,44.75,POINT (-109.75 44.75)
30200,30157,-109.25,44.75,POINT (-109.25 44.75)
30201,30158,-108.75,44.75,POINT (-108.75 44.75)
30202,30159,-108.25,44.75,POINT (-108.25 44.75)
30203,30160,-107.75,44.75,POINT (-107.75 44.75)
30204,30161,-107.25,44.75,POINT (-107.25 44.75)
30205,30162,-106.75,44.75,POINT (-106.75 44.75)
30206,30163,-106.25,44.75,POINT (-106.25 44.75)
30207,30164,-105.75,44.75,POINT (-105.75 44.75)
30208,30165,-105.25,44.75,POINT (-105.25 44.75)
30209,30166,-104.75,44.75,POINT (-104.75 44.75)
30210,30167,-104.25,44.75,POINT (-104.25 44.75)
30211,30168,-103.75,44.75,POINT (-103.75 44.75)
30212,30169,-103.25,44.75,POINT (-103.25 44.75)
30213,30170,-102.75,44.75,POINT (-102.75 44.75)
30214,30171,-102.25,44.75,POINT (-102.25 44.75)
30215,30172,-101.75,44.75,POINT (-101.75 44.75)
30216,30173,-101.25,44.75,POINT (-101.25 44.75)
30217,30174,-100.75,44.75,POINT (-100.75 44.75)
30218,30175,-100.25,44.75,POINT (-100.25 44.75)
30219,30176,-99.75,44.75,POINT (-99.75 44.75)
30220,30177,-99.25,44.75,POINT (-99.25 44.75)
30221,30178,-98.75,44.75,POINT (-98.75 44.75)
30222,30179,-98.25,44.75,POINT (-98.25 44.75)
30223,30180,-97.75,44.75,POINT (-97.75 44.75)
30224,30181,-97.25,44.75,POINT (-97.25 44.75)
30225,30182,-96.75,44.75,POINT (-96.75 44.75)
30226,30183,-96.25,44.75,POINT (-96.25 44.75)
30227,30184,-95.75,44.75,POINT (-95.75 44.75)
30228,30185,-95.25,44.75,POINT (-95.25 44.75)
30229,30186,-94.75,44.75,POINT (-94.75 44.75)
30230,30187,-94.25,44.75,POINT (-94.25 44.75)
30231,30188,-93.75,44.75,POINT (-93.75 44.75)
30232,30189,-93.25,44.75,POINT (-93.25 44.75)
30233,30190,-92.75,44.75,POINT (-92.75 44.75)
30234,30191,-92.25,44.75,POINT (-92.25 44.75)
30235,30192,-91.75,44.75,POINT (-91.75 44.75)
30236,30193,-91.25,44.75,POINT (-91.25 44.75)
30237,30194,-90.75,44.75,POINT (-90.75 44.75)
30238,30195,-90.25,44.75,POINT (-90.25 44.75)
30239,30196,-89.75,44.75,POINT (-89.75 44.75)
30593,30542,-110.25,44.25,POINT (-110.25 44.25)
30594,30543,-109.75,44.25,POINT (-109.75 44.25)
30595,30544,-109.25,44.25,POINT (-109.25 44.25)
30596,30545,-108.75,44.25,POINT (-108.75 44.25)
30597,30546,-108.25,44.25,POINT (-108.25 44.25)
30598,30547,-107.75,44.25,POINT (-107.75 44.25)
30599,30548,-107.25,44.25,POINT (-107.25 44.25)
30600,30549,-106.75,44.25,POINT (-106.75 44.25)
30601,30550,-106.25,44.25,POINT (-106.25 44.25)
30602,30551,-105.75,44.25,POINT (-105.75 44.25)
30603,30552,-105.25,44.25,POINT (-105.25 44.25)
30604,30553,-104.75,44.25,POINT (-104.75 44.25)
30605,30554,-104.25,44.25,POINT (-104.25 44.25)
30606,30555,-103.75,44.25,POINT (-103.75 44.25)
30607,30556,-103.25,44.25,POINT (-103.25 44.25)
30608,30557,-102.75,44.25,POINT (-102.75 44.25)
30609,30558,-102.25,44.25,POINT (-102.25 44.25)
30610,30559,-101.75,44.25,POINT (-101.75 44.25)
30611,30560,-101.25,44.25,POINT (-101.25 44.25)
30612,30561,-100.75,44.25,POINT (-100.75 44.25)
30613,30562,-100.25,44.25,POINT (-100.25 44.25)
30614,30563,-99.75,44.25,POINT (-99.75 44.25)
30615,30564,-99.25,44.25,POINT (-99.25 44.25)
30616,30565,-98.75,44.25,POINT (-98.75 44.25)
30617,30566,-98.25,44.25,POINT (-98.25 44.25)
30618,30567,-97.75,44.25,POINT (-97.75 44.25)
30619,30568,-97.25,44.25,POINT (-97.25 44.25)
30620,30569,-96.75,44.25,POINT (-96.75 44.25)
30621,30570,-96.25,44.25,POINT (-96.25 44.25)
30622,30571,-95.75,44.25,POINT (-95.75 44.25)
30623,30572,-95.25,44.25,POINT (-95.25 44.25)
30624,30573,-94.75,44.25,POINT (-94.75 44.25)
30625,30574,-94.25,44.25,POINT (-94.25 44.25)
30626,30575,-93.75,44.25,POINT (-93.75 44.25)
30627,30576,-93.25,44.25,POINT (-93.25 44.25)
30628,30577,-92.75,44.25,POINT (-92.75 44.25)
30629,30578,-92.25,44.25,POINT (-92.25 44.25)
30630,30579,-91.75,44.25,POINT (-91.75 44.25)
30631,30580,-91.25,44.25,POINT (-91.25 44.25)
30632,30581,-90.75,44.25,POINT (-90.75 44.25)
30633,30582,-90.25,44.25,POINT (-90.25 44.25)
30634,30583,-89.75,44.25,POINT (-89.75 44.25)
30981,30922,-109.75,43.75,POINT (-109.75 43.75)
30982,30923,-109.25,43.75,POINT (-109.25 43.75)
30983,30924,-108.75,43.75,POINT (-108.75 43.75)
30984,30925,-108.25,43.75,POINT (-108.25 43.75)
30985,30926,-107.75,43.75,POINT (-107.75 43.75)
30986,30927,-107.25,43.75,POINT (-107.25 43.75)
30987,30928,-106.75,43.75,POINT (-106.75 43.75)
30988,30929,-106.25,43.75,POINT (-106.25 43.75)
30989,30930,-105.75,43.75,POINT (-105.75 43.75)
30990,30931,-105.25,43.75,POINT (-105.25 43.75)
30991,30932,-104.75,43.75,POINT (-104.75 43.75)
30992,30933,-104.25,43.75,POINT (-104.25 43.75)
30993,30934,-103.75,43.75,POINT (-103.75 43.75)
30994,30935,-103.25,43.75,POINT (-103.25 43.75)
30995,30936,-102.75,43.75,POINT (-102.75 43.75)
30996,30937,-102.25,43.75,POINT (-102.25 43.75)
30997,30938,-101.75,43.75,POINT (-101.75 43.75)
30998,30939,-101.25,43.75,POINT (-101.25 43.75)
30999,30940,-100.75,43.75,POINT (-100.75 43.75)
31000,30941,-100.25,43.75,POINT (-100.25 43.75)
31001,30942,-99.75,43.75,POINT (-99.75 43.75)
31002,30943,-99.25,43.75,POINT (-99.25 43.75)
31003,30944,-98.75,43.75,POINT (-98.75 43.75)
31004,30945,-98.25,43.75,POINT (-98.25 43.75)
31005,30946,-97.75,43.75,POINT (-97.75 43.75)
31006,30947,-97.25,43.75,POINT (-97.25 43.75)
31007,30948,-96.75,43.75,POINT (-96.75 43.75)
31008,30949,-96.25,43.75,POINT (-96.25 43.75)
31009,30950,-95.75,43.75,POINT (-95.75 43.75)
31010,30951,-95.25,43.75,POINT (-95.25 43.75)
31011,30952,-94.75,43.75,POINT (-94.75 43.75)
31012,30953,-94.25,43.75,POINT (-94.25 43.75)
31013,30954,-93.75,43.75,POINT (-93.75 43.75)
31014,30955,-93.25,43.75,POINT (-93.25 43.75)
31015,30956,-92.75,43.75,POINT (-92.75 43.75)
31016,30957,-92.25,43.75,POINT (-92.25 43.75)
31017,30958,-91.75,43.75,POINT (-91.75 43.75)
31018,30959,-91.25,43.75,POINT (-91.25 43.75)
31019,30960,-90.75,43.75,POINT (-90.75 43.75)
31020,30961,-90.25,43.75,POINT (-90.25 43.75)
31021,30962,-89.75,43.75,POINT (-89.75 43.75)
31022,30963,-89.25,43.75,POINT (-89.25 43.75)
31023,30964,-88.75,43.75,POINT (-88.75 43.75)
31363,31300,-109.25,43.25,POINT (-109.25 43.25)
31364,31301,-108.75,43.25,POINT (-108.75 43.25)
31365,31302,-108.25,43.25,POINT (-108.25 43.25)
31366,31303,-107.75,43.25,POINT (-107.75 43.25)
31367,31304,-107.25,43.25,POINT (-107.25 43.25)
31368,31305,-106.75,43.25,POINT (-106.75 43.25)
31369,31306,-106.25,43.25,POINT (-106.25 43.25)
31370,31307,-105.75,43.25,POINT (-105.75 43.25)
31371,31308,-105.25,43.25,POINT (-105.25 43.25)
31372,31309,-104.75,43.25,POINT (-104.75 43.25)
31373,31310,-104.25,43.25,POINT (-104.25 43.25)
31374,31311,-103.75,43.25,POINT (-103.75 43.25)
31375,31312,-103.25,43.25,POINT (-103.25 43.25)
31376,31313,-102.75,43.25,POINT (-102.75 43.25)
31377,31314,-102.25,43.25,POINT (-102.25 43.25)
31378,31315,-101.75,43.25,POINT (-101.75 43.25)
31379,31316,-101.25,43.25,POINT (-101.25 43.25)
31380,31317,-100.75,43.25,POINT (-100.75 43.25)
31381,31318,-100.25,43.25,POINT (-100.25 43.25)
31382,31319,-99.75,43.25,POINT (-99.75 43.25)
31383,31320,-99.25,43.25,POINT (-99.25 43.25)
31384,31321,-98.75,43.25,POINT (-98.75 43.25)
31385,31322,-98.25,43.25,POINT (-98.25 43.25)
31386,31323,-97.75,43.25,POINT (-97.75 43.25)
31387,31324,-97.25,43.25,POINT (-97.25 43.25)
31388,31325,-96.75,43.25,POINT (-96.75 43.25)
31389,31326,-96.25,43.25,POINT (-96.25 43.25)
31390,31327,-95.75,43.25,POINT (-95.75 43.25)
31391,31328,-95.25,43.25,POINT (-95.25 43.25)
31392,31329,-94.75,43.25,POINT (-94.75 43.25)
31393,31330,-94.25,43.25,POINT (-94.25 43.25)
31394,31331,-93.75,43.25,POINT (-93.75 43.25)
31395,31332,-93.25,43.25,POINT (-93.25 43.25)
31396,31333,-92.75,43.25,POINT (-92.75 43.25)
31397,31334,-92.25,43.25,POINT (-92.25 43.25)
31398,31335,-91.75,43.25,POINT (-91.75 43.25)
31399,31336,-91.25,43.25,POINT (-91.25 43.25)
31400,31337,-90.75,43.25,POINT (-90.75 43.25)
31401,31338,-90.25,43.25,POINT (-90.25 43.25)
31402,31339,-89.75,43.25,POINT (-89.75 43.25)
31403,31340,-89.25,43.25,POINT (-89.25 43.25)
31404,31341,-88.75,43.25,POINT (-88.75 43.25)
31405,31342,-88.25,43.25,POINT (-88.25 43.25)
31739,31674,-108.75,42.75,POINT (-108.75 42.75)
31740,31675,-108.25,42.75,POINT (-108.25 42.75)
31741,31676,-107.75,42.75,POINT (-107.75 42.75)
31742,31677,-107.25,42.75,POINT (-107.25 42.75)
31743,31678,-106.75,42.75,POINT (-106.75 42.75)
31744,31679,-106.25,42.75,POINT (-106.25 42.75)
31745,31680,-105.75,42.75,POINT (-105.75 42.75)
31746,31681,-105.25,42.75,POINT (-105.25 42.75)
31747,31682,-104.75,42.75,POINT (-104.75 42.75)
31748,31683,-104.25,42.75,POINT (-104.25 42.75)
31749,31684,-103.75,42.75,POINT (-103.75 42.75)
31750,31685,-103.25,42.75,POINT (-103.25 42.75)
31751,31686,-102.75,42.75,POINT (-102.75 42.75)
31752,31687,-102.25,42.75,POINT (-102.25 42.75)
31753,31688,-101.75,42.75,POINT (-101.75 42.75)
31754,31689,-101.25,42.75,POINT (-101.25 42.75)
31755,31690,-100.75,42.75,POINT (-100.75 42.75)
31756,31691,-100.25,42.75,POINT (-100.25 42.75)
31757,31692,-99.75,42.75,POINT (-99.75 42.75)
31758,31693,-99.25,42.75,POINT (-99.25 42.75)
31759,31694,-98.75,42.75,POINT (-98.75 42.75)
31760,31695,-98.25,42.75,POINT (-98.25 42.75)
31761,31696,-97.75,42.75,POINT (-97.75 42.75)
31762,31697,-97.25,42.75,POINT (-97.25 42.75)
31763,31698,-96.75,42.75,POINT (-96.75 42.75)
31764,31699,-96.25,42.75,POINT (-96.25 42.75)
31765,31700,-95.75,42.75,POINT (-95.75 42.75)
31766,31701,-95.25,42.75,POINT (-95.25 42.75)
31767,31702,-94.75,42.75,POINT (-94.75 42.75)
31768,31703,-94.25,42.75,POINT (-94.25 42.75)
31769,31704,-93.75,42.75,POINT (-93.75 42.75)
31770,31705,-93.25,42.75,POINT (-93.25 42.75)
31771,31706,-92.75,42.75,POINT (-92.75 42.75)
31772,31707,-92.25,42.75,POINT (-92.25 42.75)
31773,31708,-91.75,42.75,POINT (-91.75 42.75)
31774,31709,-91.25,42.75,POINT (-91.25 42.75)
31775,31710,-90.75,42.75,POINT (-90.75 42.75)
31776,31711,-90.25,42.75,POINT (-90.25 42.75)
31777,31712,-89.75,42.75,POINT (-89.75 42.75)
31778,31713,-89.25,42.75,POINT (-89.25 42.75)
31779,31714,-88.75,42.75,POINT (-88.75 42.75)
31780,31715,-88.25,42.75,POINT (-88.25 42.75)
32102,32034,-108.25,42.25,POINT (-108.25 42.25)
32103,32035,-107.75,42.25,POINT (-107.75 42.25)
32104,32036,-107.25,42.25,POINT (-107.25 42.25)
32105,32037,-106.75,42.25,POINT (-106.75 42.25)
32106,32038,-106.25,42.25,POINT (-106.25 42.25)
32107,32039,-105.75,42.25,POINT (-105.75 42.25)
32108,32040,-105.25,42.25,POINT (-105.25 42.25)
32109,32041,-104.75,42.25,POINT (-104.75 42.25)
32110,32042,-104.25,42.25,POINT (-104.25 42.25)
32111,32043,-103.75,42.25,POINT (-103.75 42.25)
32112,32044,-103.25,42.25,POINT (-103.25 42.25)
32113,32045,-102.75,42.25,POINT (-102.75 42.25)
32114,32046,-102.25,42.25,POINT (-102.25 42.25)
32115,32047,-101.75,42.25,POINT (-101.75 42.25)
32116,32048,-101.25,42.25,POINT (-101.25 42.25)
32117,32049,-100.75,42.25,POINT (-100.75 42.25)
32118,32050,-100.25,42.25,POINT (-100.25 42.25)
32119,32051,-99.75,42.25,POINT (-99.75 42.25)
32120,32052,-99.25,42.25,POINT (-99.25 42.25)
32121,32053,-98.75,42.25,POINT (-98.75 42.25)
32122,32054,-98.25,42.25,POINT (-98.25 42.25)
32123,32055,-97.75,42.25,POINT (-97.75 42.25)
32124,32056,-97.25,42.25,POINT (-97.25 42.25)
32125,32057,-96.75,42.25,POINT (-96.75 42.25)
32126,32058,-96.25,42.25,POINT (-96.25 42.25)
32127,32059,-95.75,42.25,POINT (-95.75 42.25)
32128,32060,-95.25,42.25,POINT (-95.25 42.25)
32129,32061,-94.75,42.25,POINT (-94.75 42.25)
32130,32062,-94.25,42.25,POINT (-94.25 42.25)
32131,32063,-93.75,42.25,POINT (-93.75 42.25)
32132,32064,-93.25,42.25,POINT (-93.25 42.25)
32133,32065,-92.75,42.25,POINT (-92.75 42.25)
32134,32066,-92.25,42.25,POINT (-92.25 42.25)
32135,32067,-91.75,42.25,POINT (-91.75 42.25)
32136,32068,-91.25,42.25,POINT (-91.25 42.25)
32137,32069,-90.75,42.25,POINT (-90.75 42.25)
32138,32070,-90.25,42.25,POINT (-90.25 42.25)
32139,32071,-89.75,42.25,POINT (-89.75 42.25)
32140,32072,-89.25,42.25,POINT (-89.25 42.25)
32141,32073,-88.75,42.25,POINT (-88.75 42.25)
32142,32074,-88.25,42.25,POINT (-88.25 42.25)
32161,32090,-78.75,42.25,POINT (-78.75 42.25)
32457,32386,-107.25,41.75,POINT (-107.25 41.75)
32458,32387,-106.75,41.75,POINT (-106.75 41.75)
32459,32388,-106.25,41.75,POINT (-106.25 41.75)
32460,32389,-105.75,41.75,POINT (-105.75 41.75)
32461,32390,-105.25,41.75,POINT (-105.25 41.75)
32462,32391,-104.75,41.75,POINT (-104.75 41.75)
32463,32392,-104.25,41.75,POINT (-104.25 41.75)
32464,32393,-103.75,41.75,POINT (-103.75 41.75)
32465,32394,-103.25,41.75,POINT (-103.25 41.75)
32466,32395,-102.75,41.75,POINT (-102.75 41.75)
32467,32396,-102.25,41.75,POINT (-102.25 41.75)
32468,32397,-101.75,41.75,POINT (-101.75 41.75)
32469,32398,-101.25,41.75,POINT (-101.25 41.75)
32470,32399,-100.75,41.75,POINT (-100.75 41.75)
32471,32400,-100.25,41.75,POINT (-100.25 41.75)
32472,32401,-99.75,41.75,POINT (-99.75 41.75)
32473,32402,-99.25,41.75,POINT (-99.25 41.75)
32474,32403,-98.75,41.75,POINT (-98.75 41.75)
32475,32404,-98.25,41.75,POINT (-98.25 41.75)
32476,32405,-97.75,41.75,POINT (-97.75 41.75)
32477,32406,-97.25,41.75,POINT (-97.25 41.75)
32478,32407,-96.75,41.75,POINT (-96.75 41.75)
32479,32408,-96.25,41.75,POINT (-96.25 41.75)
32480,32409,-95.75,41.75,POINT (-95.75 41.75)
32481,32410,-95.25,41.75,POINT (-95.25 41.75)
32482,32411,-94.75,41.75,POINT (-94.75 41.75)
32483,32412,-94.25,41.75,POINT (-94.25 41.75)
32484,32413,-93.75,41.75,POINT (-93.75 41.75)
32485,32414,-93.25,41.75,POINT (-93.25 41.75)
32486,32415,-92.75,41.75,POINT (-92.75 41.75)
32487,32416,-92.25,41.75,POINT (-92.25 41.75)
32488,32417,-91.75,41.75,POINT (-91.75 41.75)
32489,32418,-91.25,41.75,POINT (-91.25 41.75)
32490,32419,-90.75,41.75,POINT (-90.75 41.75)
32491,32420,-90.25,41.75,POINT (-90.25 41.75)
32492,32421,-89.75,41.75,POINT (-89.75 41.75)
32493,32422,-89.25,41.75,POINT (-89.25 41.75)
32494,32423,-88.75,41.75,POINT (-88.75 41.75)
32495,32424,-88.25,41.75,POINT (-88.25 41.75)
32511,32439,-80.25,41.75,POINT (-80.25 41.75)
32512,32440,-79.75,41.75,POINT (-79.75 41.75)
32513,32441,-79.25,41.75,POINT (-79.25 41.75)
32514,32442,-78.75,41.75,POINT (-78.75 41.75)
32515,32443,-78.25,41.75,POINT (-78.25 41.75)
32806,32733,-106.75,41.25,POINT (-106.75 41.25)
32807,32734,-106.25,41.25,POINT (-106.25 41.25)
32808,32735,-105.75,41.25,POINT (-105.75 41.25)
32809,32736,-105.25,41.25,POINT (-105.25 41.25)
32810,32737,-104.75,41.25,POINT (-104.75 41.25)
32811,32738,-104.25,41.25,POINT (-104.25 41.25)
32812,32739,-103.75,41.25,POINT (-103.75 41.25)
32813,32740,-103.25,41.25,POINT (-103.25 41.25)
32814,32741,-102.75,41.25,POINT (-102.75 41.25)
32815,32742,-102.25,41.25,POINT (-102.25 41.25)
32816,32743,-101.75,41.25,POINT (-101.75 41.25)
32817,32744,-101.25,41.25,POINT (-101.25 41.25)
32818,32745,-100.75,41.25,POINT (-100.75 41.25)
32819,32746,-100.25,41.25,POINT (-100.25 41.25)
32820,32747,-99.75,41.25,POINT (-99.75 41.25)
32821,32748,-99.25,41.25,POINT (-99.25 41.25)
32822,32749,-98.75,41.25,POINT (-98.75 41.25)
32823,32750,-98.25,41.25,POINT (-98.25 41.25)
32824,32751,-97.75,41.25,POINT (-97.75 41.25)
32825,32752,-97.25,41.25,POINT (-97.25 41.25)
32826,32753,-96.75,41.25,POINT (-96.75 41.25)
32827,32754,-96.25,41.25,POINT (-96.25 41.25)
32828,32755,-95.75,41.25,POINT (-95.75 41.25)
32829,32756,-95.25,41.25,POINT (-95.25 41.25)
32830,32757,-94.75,41.25,POINT (-94.75 41.25)
32831,32758,-94.25,41.25,POINT (-94.25 41.25)
32832,32759,-93.75,41.25,POINT (-93.75 41.25)
32833,32760,-93.25,41.25,POINT (-93.25 41.25)
32834,32761,-92.75,41.25,POINT (-92.75 41.25)
32835,32762,-92.25,41.25,POINT (-92.25 41.25)
32836,32763,-91.75,41.25,POINT (-91.75 41.25)
32837,32764,-91.25,41.25,POINT (-91.25 41.25)
32838,32765,-90.75,41.25,POINT (-90.75 41.25)
32839,32766,-90.25,41.25,POINT (-90.25 41.25)
32840,32767,-89.75,41.25,POINT (-89.75 41.25)
32841,32768,-89.25,41.25,POINT (-89.25 41.25)
32842,32769,-88.75,41.25,POINT (-88.75 41.25)
32843,32770,-88.25,41.25,POINT (-88.25 41.25)
32844,32771,-87.75,41.25,POINT (-87.75 41.25)
32845,32772,-87.25,41.25,POINT (-87.25 41.25)
32846,32773,-86.75,41.25,POINT (-86.75 41.25)
32847,32774,-86.25,41.25,POINT (-86.25 41.25)
32848,32775,-85.75,41.25,POINT (-85.75 41.25)
32857,32784,-81.25,41.25,POINT (-81.25 41.25)
32858,32785,-80.75,41.25,POINT (-80.75 41.25)
32859,32786,-80.25,41.25,POINT (-80.25 41.25)
32860,32787,-79.75,41.25,POINT (-79.75 41.25)
32861,32788,-79.25,41.25,POINT (-79.25 41.25)
32862,32789,-78.75,41.25,POINT (-78.75 41.25)
33170,33097,-106.25,40.75,POINT (-106.25 40.75)
33171,33098,-105.75,40.75,POINT (-105.75 40.75)
33172,33099,-105.25,40.75,POINT (-105.25 40.75)
33173,33100,-104.75,40.75,POINT (-104.75 40.75)
33174,33101,-104.25,40.75,POINT (-104.25 40.75)
33175,33102,-103.75,40.75,POINT (-103.75 40.75)
33176,33103,-103.25,40.75,POINT (-103.25 40.75)
33177,33104,-102.75,40.75,POINT (-102.75 40.75)
33178,33105,-102.25,40.75,POINT (-102.25 40.75)
33179,33106,-101.75,40.75,POINT (-101.75 40.75)
33180,33107,-101.25,40.75,POINT (-101.25 40.75)
33181,33108,-100.75,40.75,POINT (-100.75 40.75)
33182,33109,-100.25,40.75,POINT (-100.25 40.75)
33183,33110,-99.75,40.75,POINT (-99.75 40.75)
33184,33111,-99.25,40.75,POINT (-99.25 40.75)
33185,33112,-98.75,40.75,POINT (-98.75 40.75)
33186,33113,-98.25,40.75,POINT (-98.25 40.75)
33187,33114,-97.75,40.75,POINT (-97.75 40.75)
33188,33115,-97.25,40.75,POINT (-97.25 40.75)
33189,33116,-96.75,40.75,POINT (-96.75 40.75)
33190,33117,-96.25,40.75,POINT (-96.25 40.75)
33191,33118,-95.75,40.75,POINT (-95.75 40.75)
33192,33119,-95.25,40.75,POINT (-95.25 40.75)
33193,33120,-94.75,40.75,POINT (-94.75 40.75)
33194,33121,-94.25,40.75,POINT (-94.25 40.75)
33195,33122,-93.75,40.75,POINT (-93.75 40.75)
33196,33123,-93.25,40.75,POINT (-93.25 40.75)
33197,33124,-92.75,40.75,POINT (-92.75 40.75)
33198,33125,-92.25,40.75,POINT (-92.25 40.75)
33199,33126,-91.75,40.75,POINT (-91.75 40.75)
33200,33127,-91.25,40.75,POINT (-91.25 40.75)
33201,33128,-90.75,40.75,POINT (-90.75 40.75)
33202,33129,-90.25,40.75,POINT (-90.25 40.75)
33203,33130,-89.75,40.75,POINT (-89.75 40.75)
33204,33131,-89.25,40.75,POINT (-89.25 40.75)
33205,33132,-88.75,40.75,POINT (-88.75 40.75)
33206,33133,-88.25,40.75,POINT (-88.25 40.75)
33207,33134,-87.75,40.75,POINT (-87.75 40.75)
33208,33135,-87.25,40.75,POINT (-87.25 40.75)
33209,33136,-86.75,40.75,POINT (-86.75 40.75)
33210,33137,-86.25,40.75,POINT (-86.25 40.75)
33211,33138,-85.75,40.75,POINT (-85.75 40.75)
33212,33139,-85.25,40.75,POINT (-85.25 40.75)
33215,33142,-83.75,40.75,POINT (-83.75 40.75)
33218,33145,-82.25,40.75,POINT (-82.25 40.75)
33219,33146,-81.75,40.75,POINT (-81.75 40.75)
33220,33147,-81.25,40.75,POINT (-81.25 40.75)
33221,33148,-80.75,40.75,POINT (-80.75 40.75)
33222,33149,-80.25,40.75,POINT (-80.25 40.75)
33223,33150,-79.75,40.75,POINT (-79.75 40.75)
33224,33151,-79.25,40.75,POINT (-79.25 40.75)
33534,33461,-105.25,40.25,POINT (-105.25 40.25)
33535,33462,-104.75,40.25,POINT (-104.75 40.25)
33536,33463,-104.25,40.25,POINT (-104.25 40.25)
33537,33464,-103.75,40.25,POINT (-103.75 40.25)
33538,33465,-103.25,40.25,POINT (-103.25 40.25)
33539,33466,-102.75,40.25,POINT (-102.75 40.25)
33540,33467,-102.25,40.25,POINT (-102.25 40.25)
33541,33468,-101.75,40.25,POINT (-101.75 40.25)
33542,33469,-101.25,40.25,POINT (-101.25 40.25)
33543,33470,-100.75,40.25,POINT (-100.75 40.25)
33544,33471,-100.25,40.25,POINT (-100.25 40.25)
33545,33472,-99.75,40.25,POINT (-99.75 40.25)
33546,33473,-99.25,40.25,POINT (-99.25 40.25)
33547,33474,-98.75,40.25,POINT (-98.75 40.25)
33548,33475,-98.25,40.25,POINT (-98.25 40.25)
33549,33476,-97.75,40.25,POINT (-97.75 40.25)
33550,33477,-97.25,40.25,POINT (-97.25 40.25)
33551,33478,-96.75,40.25,POINT (-96.75 40.25)
33552,33479,-96.25,40.25,POINT (-96.25 40.25)
33553,33480,-95.75,40.25,POINT (-95.75 40.25)
33554,33481,-95.25,40.25,POINT (-95.25 40.25)
33555,33482,-94.75,40.25,POINT (-94.75 40.25)
33556,33483,-94.25,40.25,POINT (-94.25 40.25)
33557,33484,-93.75,40.25,POINT (-93.75 40.25)
33558,33485,-93.25,40.25,POINT (-93.25 40.25)
33559,33486,-92.75,40.25,POINT (-92.75 40.25)
33560,33487,-92.25,40.25,POINT (-92.25 40.25)
33561,33488,-91.75,40.25,POINT (-91.75 40.25)
33562,33489,-91.25,40.25,POINT (-91.25 40.25)
33563,33490,-90.75,40.25,POINT (-90.75 40.25)
33564,33491,-90.25,40.25,POINT (-90.25 40.25)
33565,33492,-89.75,40.25,POINT (-89.75 40.25)
33566,33493,-89.25,40.25,POINT (-89.25 40.25)
33567,33494,-88.75,40.25,POINT (-88.75 40.25)
33568,33495,-88.25,40.25,POINT (-88.25 40.25)
33569,33496,-87.75,40.25,POINT (-87.75 40.25)
33570,33497,-87.25,40.25,POINT (-87.25 40.25)
33571,33498,-86.75,40.25,POINT (-86.75 40.25)
33572,33499,-86.25,40.25,POINT (-86.25 40.25)
33573,33500,-85.75,40.25,POINT (-85.75 40.25)
33574,33501,-85.25,40.25,POINT (-85.25 40.25)
33575,33502,-84.75,40.25,POINT (-84.75 40.25)
33576,33503,-84.25,40.25,POINT (-84.25 40.25)
33577,33504,-83.75,40.25,POINT (-83.75 40.25)
33578,33505,-83.25,40.25,POINT (-83.25 40.25)
33579,33506,-82.75,40.25,POINT (-82.75 40.25)
33580,33507,-82.25,40.25,POINT (-82.25 40.25)
33581,33508,-81.75,40.25,POINT (-81.75 40.25)
33582,33509,-81.25,40.25,POINT (-81.25 40.25)
33583,33510,-80.75,40.25,POINT (-80.75 40.25)
33584,33511,-80.25,40.25,POINT (-80.25 40.25)
33585,33512,-79.75,40.25,POINT (-79.75 40.25)
33586,33513,-79.25,40.25,POINT (-79.25 40.25)
33587,33514,-78.75,40.25,POINT (-78.75 40.25)
33887,33814,-105.75,39.75,POINT (-105.75 39.75)
33888,33815,-105.25,39.75,POINT (-105.25 39.75)
33889,33816,-104.75,39.75,POINT (-104.75 39.75)
33890,33817,-104.25,39.75,POINT (-104.25 39.75)
33891,33818,-103.75,39.75,POINT (-103.75 39.75)
33892,33819,-103.25,39.75,POINT (-103.25 39.75)
33893,33820,-102.75,39.75,POINT (-102.75 39.75)
33894,33821,-102.25,39.75,POINT (-102.25 39.75)
33895,33822,-101.75,39.75,POINT (-101.75 39.75)
33896,33823,-101.25,39.75,POINT (-101.25 39.75)
33897,33824,-100.75,39.75,POINT (-100.75 39.75)
33898,33825,-100.25,39.75,POINT (-100.25 39.75)
33899,33826,-99.75,39.75,POINT (-99.75 39.75)
33900,33827,-99.25,39.75,POINT (-99.25 39.75)
33901,33828,-98.75,39.75,POINT (-98.75 39.75)
33902,33829,-98.25,39.75,POINT (-98.25 39.75)
33903,33830,-97.75,39.75,POINT (-97.75 39.75)
33904,33831,-97.25,39.75,POINT (-97.25 39.75)
33905,33832,-96.75,39.75,POINT (-96.75 39.75)
33906,33833,-96.25,39.75,POINT (-96.25 39.75)
33907,33834,-95.75,39.75,POINT (-95.75 39.75)
33908,33835,-95.25,39.75,POINT (-95.25 39.75)
33909,33836,-94.75,39.75,POINT (-94.75 39.75)
33910,33837,-94.25,39.75,POINT (-94.25 39.75)
33911,33838,-93.75,39.75,POINT (-93.75 39.75)
33912,33839,-93.25,39.75,POINT (-93.25 39.75)
33913,33840,-92.75,39.75,POINT (-92.75 39.75)
33914,33841,-92.25,39.75,POINT (-92.25 39.75)
33915,33842,-91.75,39.75,POINT (-91.75 39.75)
33916,33843,-91.25,39.75,POINT (-91.25 39.75)
33917,33844,-90.75,39.75,POINT (-90.75 39.75)
33918,33845,-90.25,39.75,POINT (-90.25 39.75)
33919,33846,-89.75,39.75,POINT (-89.75 39.75)
33920,33847,-89.25,39.75,POINT (-89.25 39.75)
33921,33848,-88.75,39.75,POINT (-88.75 39.75)
33922,33849,-88.25,39.75,POINT (-88.25 39.75)
33923,33850,-87.75,39.75,POINT (-87.75 39.75)
33924,33851,-87.25,39.75,POINT (-87.25 39.75)
33925,33852,-86.75,39.75,POINT (-86.75 39.75)
33926,33853,-86.25,39.75,POINT (-86.25 39.75)
33927,33854,-85.75,39.75,POINT (-85.75 39.75)
33928,33855,-85.25,39.75,POINT (-85.25 39.75)
33929,33856,-84.75,39.75,POINT (-84.75 39.75)
33930,33857,-84.25,39.75,POINT (-84.25 39.75)
33931,33858,-83.75,39.75,POINT (-83.75 39.75)
33932,33859,-83.25,39.75,POINT (-83.25 39.75)
33933,33860,-82.75,39.75,POINT (-82.75 39.75)
33934,33861,-82.25,39.75,POINT (-82.25 39.75)
33935,33862,-81.75,39.75,POINT (-81.75 39.75)
33936,33863,-81.25,39.75,POINT (-81.25 39.75)
33937,33864,-80.75,39.75,POINT (-80.75 39.75)
33938,33865,-80.25,39.75,POINT (-80.25 39.75)
33939,33866,-79.75,39.75,POINT (-79.75 39.75)
33940,33867,-79.25,39.75,POINT (-79.25 39.75)
34233,34159,-106.25,39.25,POINT (-106.25 39.25)
34234,34160,-105.75,39.25,POINT (-105.75 39.25)
34235,34161,-105.25,39.25,POINT (-105.25 39.25)
34236,34162,-104.75,39.25,POINT (-104.75 39.25)
34237,34163,-104.25,39.25,POINT (-104.25 39.25)
34238,34164,-103.75,39.25,POINT (-103.75 39.25)
34239,34165,-103.25,39.25,POINT (-103.25 39.25)
34240,34166,-102.75,39.25,POINT (-102.75 39.25)
34241,34167,-102.25,39.25,POINT (-102.25 39.25)
34242,34168,-101.75,39.25,POINT (-101.75 39.25)
34243,34169,-101.25,39.25,POINT (-101.25 39.25)
34244,34170,-100.75,39.25,POINT (-100.75 39.25)
34245,34171,-100.25,39.25,POINT (-100.25 39.25)
34246,34172,-99.75,39.25,POINT (-99.75 39.25)
34247,34173,-99.25,39.25,POINT (-99.25 39.25)
34248,34174,-98.75,39.25,POINT (-98.75 39.25)
34249,34175,-98.25,39.25,POINT (-98.25 39.25)
34250,34176,-97.75,39.25,POINT (-97.75 39.25)
34251,34177,-97.25,39.25,POINT (-97.25 39.25)
34252,34178,-96.75,39.25,POINT (-96.75 39.25)
34253,34179,-96.25,39.25,POINT (-96.25 39.25)
34254,34180,-95.75,39.25,POINT (-95.75 39.25)
34255,34181,-95.25,39.25,POINT (-95.25 39.25)
34256,34182,-94.75,39.25,POINT (-94.75 39.25)
34257,34183,-94.25,39.25,POINT (-94.25 39.25)
34258,34184,-93.75,39.25,POINT (-93.75 39.25)
34259,34185,-93.25,39.25,POINT (-93.25 39.25)
34260,34186,-92.75,39.25,POINT (-92.75 39.25)
34261,34187,-92.25,39.25,POINT (-92.25 39.25)
34262,34188,-91.75,39.25,POINT (-91.75 39.25)
34263,34189,-91.25,39.25,POINT (-91.25 39.25)
34264,34190,-90.75,39.25,POINT (-90.75 39.25)
34265,34191,-90.25,39.25,POINT (-90.25 39.25)
34266,34192,-89.75,39.25,POINT (-89.75 39.25)
34267,34193,-89.25,39.25,POINT (-89.25 39.25)
34268,34194,-88.75,39.25,POINT (-88.75 39.25)
34269,34195,-88.25,39.25,POINT (-88.25 39.25)
34270,34196,-87.75,39.25,POINT (-87.75 39.25)
34271,34197,-87.25,39.25,POINT (-87.25 39.25)
34272,34198,-86.75,39.25,POINT (-86.75 39.25)
34273,34199,-86.25,39.25,POINT (-86.25 39.25)
34274,34200,-85.75,39.25,POINT (-85.75 39.25)
34275,34201,-85.25,39.25,POINT (-85.25 39.25)
34276,34202,-84.75,39.25,POINT (-84.75 39.25)
34277,34203,-84.25,39.25,POINT (-84.25 39.25)
34278,34204,-83.75,39.25,POINT (-83.75 39.25)
34279,34205,-83.25,39.25,POINT (-83.25 39.25)
34280,34206,-82.75,39.25,POINT (-82.75 39.25)
34281,34207,-82.25,39.25,POINT (-82.25 39.25)
34282,34208,-81.75,39.25,POINT (-81.75 39.25)
34283,34209,-81.25,39.25,POINT (-81.25 39.25)
34284,34210,-80.75,39.25,POINT (-80.75 39.25)
34285,34211,-80.25,39.25,POINT (-80.25 39.25)
34286,34212,-79.75,39.25,POINT (-79.75 39.25)
34571,34497,-106.25,38.75,POINT (-106.25 38.75)
34572,34498,-105.75,38.75,POINT (-105.75 38.75)
34573,34499,-105.25,38.75,POINT (-105.25 38.75)
34574,34500,-104.75,38.75,POINT (-104.75 38.75)
34575,34501,-104.25,38.75,POINT (-104.25 38.75)
34576,34502,-103.75,38.75,POINT (-103.75 38.75)
34577,34503,-103.25,38.75,POINT (-103.25 38.75)
34578,34504,-102.75,38.75,POINT (-102.75 38.75)
34579,34505,-102.25,38.75,POINT (-102.25 38.75)
34580,34506,-101.75,38.75,POINT (-101.75 38.75)
34581,34507,-101.25,38.75,POINT (-101.25 38.75)
34582,34508,-100.75,38.75,POINT (-100.75 38.75)
34583,34509,-100.25,38.75,POINT (-100.25 38.75)
34584,34510,-99.75,38.75,POINT (-99.75 38.75)
34585,34511,-99.25,38.75,POINT (-99.25 38.75)
34586,34512,-98.75,38.75,POINT (-98.75 38.75)
34587,34513,-98.25,38.75,POINT (-98.25 38.75)
34588,34514,-97.75,38.75,POINT (-97.75 38.75)
34589,34515,-97.25,38.75,POINT (-97.25 38.75)
34590,34516,-96.75,38.75,POINT (-96.75 38.75)
34591,34517,-96.25,38.75,POINT (-96.25 38.75)
34592,34518,-95.75,38.75,POINT (-95.75 38.75)
34593,34519,-95.25,38.75,POINT (-95.25 38.75)
34594,34520,-94.75,38.75,POINT (-94.75 38.75)
34595,34521,-94.25,38.75,POINT (-94.25 38.75)
34596,34522,-93.75,38.75,POINT (-93.75 38.75)
34597,34523,-93.25,38.75,POINT (-93.25 38.75)
34598,34524,-92.75,38.75,POINT (-92.75 38.75)
34599,34525,-92.25,38.75,POINT (-92.25 38.75)
34600,34526,-91.75,38.75,POINT (-91.75 38.75)
34601,34527,-91.25,38.75,POINT (-91.25 38.75)
34602,34528,-90.75,38.75,POINT (-90.75 38.75)
34603,34529,-90.25,38.75,POINT (-90.25 38.75)
34604,34530,-89.75,38.75,POINT (-89.75 38.75)
34605,34531,-89.25,38.75,POINT (-89.25 38.75)
34606,34532,-88.75,38.75,POINT (-88.75 38.75)
34607,34533,-88.25,38.75,POINT (-88.25 38.75)
34608,34534,-87.75,38.75,POINT (-87.75 38.75)
34609,34535,-87.25,38.75,POINT (-87.25 38.75)
34610,34536,-86.75,38.75,POINT (-86.75 38.75)
34611,34537,-86.25,38.75,POINT (-86.25 38.75)
34612,34538,-85.75,38.75,POINT (-85.75 38.75)
34613,34539,-85.25,38.75,POINT (-85.25 38.75)
34614,34540,-84.75,38.75,POINT (-84.75 38.75)
34615,34541,-84.25,38.75,POINT (-84.25 38.75)
34616,34542,-83.75,38.75,POINT (-83.75 38.75)
34617,34543,-83.25,38.75,POINT (-83.25 38.75)
34618,34544,-82.75,38.75,POINT (-82.75 38.75)
34619,34545,-82.25,38.75,POINT (-82.25 38.75)
34620,34546,-81.75,38.75,POINT (-81.75 38.75)
34621,34547,-81.25,38.75,POINT (-81.25 38.75)
34622,34548,-80.75,38.75,POINT (-80.75 38.75)
34623,34549,-80.25,38.75,POINT (-80.25 38.75)
34624,34550,-79.75,38.75,POINT (-79.75 38.75)
34901,34827,-105.75,38.25,POINT (-105.75 38.25)
34902,34828,-105.25,38.25,POINT (-105.25 38.25)
34903,34829,-104.75,38.25,POINT (-104.75 38.25)
34904,34830,-104.25,38.25,POINT (-104.25 38.25)
34905,34831,-103.75,38.25,POINT (-103.75 38.25)
34906,34832,-103.25,38.25,POINT (-103.25 38.25)
34907,34833,-102.75,38.25,POINT (-102.75 38.25)
34908,34834,-102.25,38.25,POINT (-102.25 38.25)
34909,34835,-101.75,38.25,POINT (-101.75 38.25)
34910,34836,-101.25,38.25,POINT (-101.25 38.25)
34911,34837,-100.75,38.25,POINT (-100.75 38.25)
34912,34838,-100.25,38.25,POINT (-100.25 38.25)
34913,34839,-99.75,38.25,POINT (-99.75 38.25)
34914,34840,-99.25,38.25,POINT (-99.25 38.25)
34915,34841,-98.75,38.25,POINT (-98.75 38.25)
34916,34842,-98.25,38.25,POINT (-98.25 38.25)
34917,34843,-97.75,38.25,POINT (-97.75 38.25)
34918,34844,-97.25,38.25,POINT (-97.25 38.25)
34919,34845,-96.75,38.25,POINT (-96.75 38.25)
34920,34846,-96.25,38.25,POINT (-96.25 38.25)
34921,34847,-95.75,38.25,POINT (-95.75 38.25)
34922,34848,-95.25,38.25,POINT (-95.25 38.25)
34923,34849,-94.75,38.25,POINT (-94.75 38.25)
34924,34850,-94.25,38.25,POINT (-94.25 38.25)
34925,34851,-93.75,38.25,POINT (-93.75 38.25)
34926,34852,-93.25,38.25,POINT (-93.25 38.25)
34927,34853,-92.75,38.25,POINT (-92.75 38.25)
34928,34854,-92.25,38.25,POINT (-92.25 38.25)
34929,34855,-91.75,38.25,POINT (-91.75 38.25)
34930,34856,-91.25,38.25,POINT (-91.25 38.25)
34931,34857,-90.75,38.25,POINT (-90.75 38.25)
34932,34858,-90.25,38.25,POINT (-90.25 38.25)
34933,34859,-89.75,38.25,POINT (-89.75 38.25)
34934,34860,-89.25,38.25,POINT (-89.25 38.25)
34935,34861,-88.75,38.25,POINT (-88.75 38.25)
34936,34862,-88.25,38.25,POINT (-88.25 38.25)
34937,34863,-87.75,38.25,POINT (-87.75 38.25)
34938,34864,-87.25,38.25,POINT (-87.25 38.25)
34939,34865,-86.75,38.25,POINT (-86.75 38.25)
34940,34866,-86.25,38.25,POINT (-86.25 38.25)
34941,34867,-85.75,38.25,POINT (-85.75 38.25)
34942,34868,-85.25,38.25,POINT (-85.25 38.25)
34943,34869,-84.75,38.25,POINT (-84.75 38.25)
34944,34870,-84.25,38.25,POINT (-84.25 38.25)
34945,34871,-83.75,38.25,POINT (-83.75 38.25)
34946,34872,-83.25,38.25,POINT (-83.25 38.25)
34947,34873,-82.75,38.25,POINT (-82.75 38.25)
34948,34874,-82.25,38.25,POINT (-82.25 38.25)
34949,34875,-81.75,38.25,POINT (-81.75 38.25)
34950,34876,-81.25,38.25,POINT (-81.25 38.25)
34951,34877,-80.75,38.25,POINT (-80.75 38.25)
34952,34878,-80.25,38.25,POINT (-80.25 38.25)
35235,35160,-105.25,37.75,POINT (-105.25 37.75)
35236,35161,-104.75,37.75,POINT (-104.75 37.75)
35237,35162,-104.25,37.75,POINT (-104.25 37.75)
35238,35163,-103.75,37.75,POINT (-103.75 37.75)
35239,35164,-103.25,37.75,POINT (-103.25 37.75)
35240,35165,-102.75,37.75,POINT (-102.75 37.75)
35241,35166,-102.25,37.75,POINT (-102.25 37.75)
35242,35167,-101.75,37.75,POINT (-101.75 37.75)
35243,35168,-101.25,37.75,POINT (-101.25 37.75)
35244,35169,-100.75,37.75,POINT (-100.75 37.75)
35245,35170,-100.25,37.75,POINT (-100.25 37.75)
35246,35171,-99.75,37.75,POINT (-99.75 37.75)
35247,35172,-99.25,37.75,POINT (-99.25 37.75)
35248,35173,-98.75,37.75,POINT (-98.75 37.75)
35249,35174,-98.25,37.75,POINT (-98.25 37.75)
35250,35175,-97.75,37.75,POINT (-97.75 37.75)
35251,35176,-97.25,37.75,POINT (-97.25 37.75)
35252,35177,-96.75,37.75,POINT (-96.75 37.75)
35253,35178,-96.25,37.75,POINT (-96.25 37.75)
35254,35179,-95.75,37.75,POINT (-95.75 37.75)
35255,35180,-95.25,37.75,POINT (-95.25 37.75)
35256,35181,-94.75,37.75,POINT (-94.75 37.75)
35257,35182,-94.25,37.75,POINT (-94.25 37.75)
35258,35183,-93.75,37.75,POINT (-93.75 37.75)
35259,35184,-93.25,37.75,POINT (-93.25 37.75)
35260,35185,-92.75,37.75,POINT (-92.75 37.75)
35261,35186,-92.25,37.75,POINT (-92.25 37.75)
35262,35187,-91.75,37.75,POINT (-91.75 37.75)
35263,35188,-91.25,37.75,POINT (-91.25 37.75)
35264,35189,-90.75,37.75,POINT (-90.75 37.75)
35265,35190,-90.25,37.75,POINT (-90.25 37.75)
35266,35191,-89.75,37.75,POINT (-89.75 37.75)
35267,35192,-89.25,37.75,POINT (-89.25 37.75)
35268,35193,-88.75,37.75,POINT (-88.75 37.75)
35269,35194,-88.25,37.75,POINT (-88.25 37.75)
35270,35195,-87.75,37.75,POINT (-87.75 37.75)
35271,35196,-87.25,37.75,POINT (-87.25 37.75)
35272,35197,-86.75,37.75,POINT (-86.75 37.75)
35273,35198,-86.25,37.75,POINT (-86.25 37.75)
35274,35199,-85.75,37.75,POINT (-85.75 37.75)
35275,35200,-85.25,37.75,POINT (-85.25 37.75)
35276,35201,-84.75,37.75,POINT (-84.75 37.75)
35277,35202,-84.25,37.75,POINT (-84.25 37.75)
35278,35203,-83.75,37.75,POINT (-83.75 37.75)
35279,35204,-83.25,37.75,POINT (-83.25 37.75)
35280,35205,-82.75,37.75,POINT (-82.75 37.75)
35281,35206,-82.25,37.75,POINT (-82.25 37.75)
35282,35207,-81.75,37.75,POINT (-81.75 37.75)
35283,35208,-81.25,37.75,POINT (-81.25 37.75)
35284,35209,-80.75,37.75,POINT (-80.75 37.75)
35285,35210,-80.25,37.75,POINT (-80.25 37.75)
35566,35491,-104.75,37.25,POINT (-104.75 37.25)
35567,35492,-104.25,37.25,POINT (-104.25 37.25)
35568,35493,-103.75,37.25,POINT (-103.75 37.25)
35569,35494,-103.25,37.25,POINT (-103.25 37.25)
35570,35495,-102.75,37.25,POINT (-102.75 37.25)
35571,35496,-102.25,37.25,POINT (-102.25 37.25)
35572,35497,-101.75,37.25,POINT (-101.75 37.25)
35573,35498,-101.25,37.25,POINT (-101.25 37.25)
35574,35499,-100.75,37.25,POINT (-100.75 37.25)
35575,35500,-100.25,37.25,POINT (-100.25 37.25)
35576,35501,-99.75,37.25,POINT (-99.75 37.25)
35577,35502,-99.25,37.25,POINT (-99.25 37.25)
35578,35503,-98.75,37.25,POINT (-98.75 37.25)
35579,35504,-98.25,37.25,POINT (-98.25 37.25)
35580,35505,-97.75,37.25,POINT (-97.75 37.25)
35581,35506,-97.25,37.25,POINT (-97.25 37.25)
35582,35507,-96.75,37.25,POINT (-96.75 37.25)
35583,35508,-96.25,37.25,POINT (-96.25 37.25)
35584,35509,-95.75,37.25,POINT (-95.75 37.25)
35585,35510,-95.25,37.25,POINT (-95.25 37.25)
35586,35511,-94.75,37.25,POINT (-94.75 37.25)
35587,35512,-94.25,37.25,POINT (-94.25 37.25)
35588,35513,-93.75,37.25,POINT (-93.75 37.25)
35589,35514,-93.25,37.25,POINT (-93.25 37.25)
35590,35515,-92.75,37.25,POINT (-92.75 37.25)
35591,35516,-92.25,37.25,POINT (-92.25 37.25)
35592,35517,-91.75,37.25,POINT (-91.75 37.25)
35593,35518,-91.25,37.25,POINT (-91.25 37.25)
35594,35519,-90.75,37.25,POINT (-90.75 37.25)
35595,35520,-90.25,37.25,POINT (-90.25 37.25)
35596,35521,-89.75,37.25,POINT (-89.75 37.25)
35597,35522,-89.25,37.25,POINT (-89.25 37.25)
35598,35523,-88.75,37.25,POINT (-88.75 37.25)
35599,35524,-88.25,37.25,POINT (-88.25 37.25)
35600,35525,-87.75,37.25,POINT (-87.75 37.25)
35601,35526,-87.25,37.25,POINT (-87.25 37.25)
35602,35527,-86.75,37.25,POINT (-86.75 37.25)
35603,35528,-86.25,37.25,POINT (-86.25 37.25)
35604,35529,-85.75,37.25,POINT (-85.75 37.25)
35605,35530,-85.25,37.25,POINT (-85.25 37.25)
35606,35531,-84.75,37.25,POINT (-84.75 37.25)
35607,35532,-84.25,37.25,POINT (-84.25 37.25)
35608,35533,-83.75,37.25,POINT (-83.75 37.25)
35609,35534,-83.25,37.25,POINT (-83.25 37.25)
35610,35535,-82.75,37.25,POINT (-82.75 37.25)
35611,35536,-82.25,37.25,POINT (-82.25 37.25)
35612,35537,-81.75,37.25,POINT (-81.75 37.25)
35613,35538,-81.25,37.25,POINT (-81.25 37.25)
35614,35539,-80.75,37.25,POINT (-80.75 37.25)
35904,35829,-105.25,36.75,POINT (-105.25 36.75)
35905,35830,-104.75,36.75,POINT (-104.75 36.75)
35906,35831,-104.25,36.75,POINT (-104.25 36.75)
35907,35832,-103.75,36.75,POINT (-103.75 36.75)
35908,35833,-103.25,36.75,POINT (-103.25 36.75)
35909,35834,-102.75,36.75,POINT (-102.75 36.75)
35910,35835,-102.25,36.75,POINT (-102.25 36.75)
35911,35836,-101.75,36.75,POINT (-101.75 36.75)
35912,35837,-101.25,36.75,POINT (-101.25 36.75)
35913,35838,-100.75,36.75,POINT (-100.75 36.75)
35914,35839,-100.25,36.75,POINT (-100.25 36.75)
35915,35840,-99.75,36.75,POINT (-99.75 36.75)
35916,35841,-99.25,36.75,POINT (-99.25 36.75)
35917,35842,-98.75,36.75,POINT (-98.75 36.75)
35918,35843,-98.25,36.75,POINT (-98.25 36.75)
35919,35844,-97.75,36.75,POINT (-97.75 36.75)
35920,35845,-97.25,36.75,POINT (-97.25 36.75)
35921,35846,-96.75,36.75,POINT (-96.75 36.75)
35922,35847,-96.25,36.75,POINT (-96.25 36.75)
35923,35848,-95.75,36.75,POINT (-95.75 36.75)
35924,35849,-95.25,36.75,POINT (-95.25 36.75)
35925,35850,-94.75,36.75,POINT (-94.75 36.75)
35926,35851,-94.25,36.75,POINT (-94.25 36.75)
35927,35852,-93.75,36.75,POINT (-93.75 36.75)
35928,35853,-93.25,36.75,POINT (-93.25 36.75)
35929,35854,-92.75,36.75,POINT (-92.75 36.75)
35930,35855,-92.25,36.75,POINT (-92.25 36.75)
35931,35856,-91.75,36.75,POINT (-91.75 36.75)
35932,35857,-91.25,36.75,POINT (-91.25 36.75)
35933,35858,-90.75,36.75,POINT (-90.75 36.75)
35934,35859,-90.25,36.75,POINT (-90.25 36.75)
35935,35860,-89.75,36.75,POINT (-89.75 36.75)
35936,35861,-89.25,36.75,POINT (-89.25 36.75)
35937,35862,-88.75,36.75,POINT (-88.75 36.75)
35938,35863,-88.25,36.75,POINT (-88.25 36.75)
35939,35864,-87.75,36.75,POINT (-87.75 36.75)
35940,35865,-87.25,36.75,POINT (-87.25 36.75)
35941,35866,-86.75,36.75,POINT (-86.75 36.75)
35942,35867,-86.25,36.75,POINT (-86.25 36.75)
35943,35868,-85.75,36.75,POINT (-85.75 36.75)
35944,35869,-85.25,36.75,POINT (-85.25 36.75)
35945,35870,-84.75,36.75,POINT (-84.75 36.75)
35946,35871,-84.25,36.75,POINT (-84.25 36.75)
35947,35872,-83.75,36.75,POINT (-83.75 36.75)
35948,35873,-83.25,36.75,POINT (-83.25 36.75)
35949,35874,-82.75,36.75,POINT (-82.75 36.75)
35950,35875,-82.25,36.75,POINT (-82.25 36.75)
35951,35876,-81.75,36.75,POINT (-81.75 36.75)
35952,35877,-81.25,36.75,POINT (-81.25 36.75)
35953,35878,-80.75,36.75,POINT (-80.75 36.75)
36255,36180,-105.25,36.25,POINT (-105.25 36.25)
36256,36181,-104.75,36.25,POINT (-104.75 36.25)
36257,36182,-104.25,36.25,POINT (-104.25 36.25)
36258,36183,-103.75,36.25,POINT (-103.75 36.25)
36259,36184,-103.25,36.25,POINT (-103.25 36.25)
36260,36185,-102.75,36.25,POINT (-102.75 36.25)
36261,36186,-102.25,36.25,POINT (-102.25 36.25)
36262,36187,-101.75,36.25,POINT (-101.75 36.25)
36263,36188,-101.25,36.25,POINT (-101.25 36.25)
36264,36189,-100.75,36.25,POINT (-100.75 36.25)
36265,36190,-100.25,36.25,POINT (-100.25 36.25)
36266,36191,-99.75,36.25,POINT (-99.75 36.25)
36267,36192,-99.25,36.25,POINT (-99.25 36.25)
36268,36193,-98.75,36.25,POINT (-98.75 36.25)
36269,36194,-98.25,36.25,POINT (-98.25 36.25)
36270,36195,-97.75,36.25,POINT (-97.75 36.25)
36271,36196,-97.25,36.25,POINT (-97.25 36.25)
36272,36197,-96.75,36.25,POINT (-96.75 36.25)
36273,36198,-96.25,36.25,POINT (-96.25 36.25)
36274,36199,-95.75,36.25,POINT (-95.75 36.25)
36275,36200,-95.25,36.25,POINT (-95.25 36.25)
36276,36201,-94.75,36.25,POINT (-94.75 36.25)
36277,36202,-94.25,36.25,POINT (-94.25 36.25)
36278,36203,-93.75,36.25,POINT (-93.75 36.25)
36279,36204,-93.25,36.25,POINT (-93.25 36.25)
36280,36205,-92.75,36.25,POINT (-92.75 36.25)
36281,36206,-92.25,36.25,POINT (-92.25 36.25)
36282,36207,-91.75,36.25,POINT (-91.75 36.25)
36283,36208,-91.25,36.25,POINT (-91.25 36.25)
36284,36209,-90.75,36.25,POINT (-90.75 36.25)
36285,36210,-90.25,36.25,POINT (-90.25 36.25)
36286,36211,-89.75,36.25,POINT (-89.75 36.25)
36287,36212,-89.25,36.25,POINT (-89.25 36.25)
36288,36213,-88.75,36.25,POINT (-88.75 36.25)
36289,36214,-88.25,36.25,POINT (-88.25 36.25)
36290,36215,-87.75,36.25,POINT (-87.75 36.25)
36291,36216,-87.25,36.25,POINT (-87.25 36.25)
36292,36217,-86.75,36.25,POINT (-86.75 36.25)
36293,36218,-86.25,36.25,POINT (-86.25 36.25)
36294,36219,-85.75,36.25,POINT (-85.75 36.25)
36295,36220,-85.25,36.25,POINT (-85.25 36.25)
36296,36221,-84.75,36.25,POINT (-84.75 36.25)
36297,36222,-84.25,36.25,POINT (-84.25 36.25)
36298,36223,-83.75,36.25,POINT (-83.75 36.25)
36299,36224,-83.25,36.25,POINT (-83.25 36.25)
36300,36225,-82.75,36.25,POINT (-82.75 36.25)
36301,36226,-82.25,36.25,POINT (-82.25 36.25)
36302,36227,-81.75,36.25,POINT (-81.75 36.25)
36577,36502,-105.25,35.75,POINT (-105.25 35.75)
36578,36503,-104.75,35.75,POINT (-104.75 35.75)
36579,36504,-104.25,35.75,POINT (-104.25 35.75)
36580,36505,-103.75,35.75,POINT (-103.75 35.75)
36581,36506,-103.25,35.75,POINT (-103.25 35.75)
36582,36507,-102.75,35.75,POINT (-102.75 35.75)
36583,36508,-102.25,35.75,POINT (-102.25 35.75)
36584,36509,-101.75,35.75,POINT (-101.75 35.75)
36585,36510,-101.25,35.75,POINT (-101.25 35.75)
36586,36511,-100.75,35.75,POINT (-100.75 35.75)
36587,36512,-100.25,35.75,POINT (-100.25 35.75)
36588,36513,-99.75,35.75,POINT (-99.75 35.75)
36589,36514,-99.25,35.75,POINT (-99.25 35.75)
36590,36515,-98.75,35.75,POINT (-98.75 35.75)
36591,36516,-98.25,35.75,POINT (-98.25 35.75)
36592,36517,-97.75,35.75,POINT (-97.75 35.75)
36593,36518,-97.25,35.75,POINT (-97.25 35.75)
36594,36519,-96.75,35.75,POINT (-96.75 35.75)
36595,36520,-96.25,35.75,POINT (-96.25 35.75)
36596,36521,-95.75,35.75,POINT (-95.75 35.75)
36597,36522,-95.25,35.75,POINT (-95.25 35.75)
36598,36523,-94.75,35.75,POINT (-94.75 35.75)
36599,36524,-94.25,35.75,POINT (-94.25 35.75)
36600,36525,-93.75,35.75,POINT (-93.75 35.75)
36601,36526,-93.25,35.75,POINT (-93.25 35.75)
36602,36527,-92.75,35.75,POINT (-92.75 35.75)
36603,36528,-92.25,35.75,POINT (-92.25 35.75)
36604,36529,-91.75,35.75,POINT (-91.75 35.75)
36605,36530,-91.25,35.75,POINT (-91.25 35.75)
36606,36531,-90.75,35.75,POINT (-90.75 35.75)
36607,36532,-90.25,35.75,POINT (-90.25 35.75)
36608,36533,-89.75,35.75,POINT (-89.75 35.75)
36609,36534,-89.25,35.75,POINT (-89.25 35.75)
36610,36535,-88.75,35.75,POINT (-88.75 35.75)
36611,36536,-88.25,35.75,POINT (-88.25 35.75)
36612,36537,-87.75,35.75,POINT (-87.75 35.75)
36613,36538,-87.25,35.75,POINT (-87.25 35.75)
36614,36539,-86.75,35.75,POINT (-86.75 35.75)
36615,36540,-86.25,35.75,POINT (-86.25 35.75)
36616,36541,-85.75,35.75,POINT (-85.75 35.75)
36617,36542,-85.25,35.75,POINT (-85.25 35.75)
36618,36543,-84.75,35.75,POINT (-84.75 35.75)
36619,36544,-84.25,35.75,POINT (-84.25 35.75)
36620,36545,-83.75,35.75,POINT (-83.75 35.75)
36621,36546,-83.25,35.75,POINT (-83.25 35.75)
36622,36547,-82.75,35.75,POINT (-82.75 35.75)
36623,36548,-82.25,35.75,POINT (-82.25 35.75)
36902,36827,-104.25,35.25,POINT (-104.25 35.25)
36903,36828,-103.75,35.25,POINT (-103.75 35.25)
36904,36829,-103.25,35.25,POINT (-103.25 35.25)
36905,36830,-102.75,35.25,POINT (-102.75 35.25)
36906,36831,-102.25,35.25,POINT (-102.25 35.25)
36907,36832,-101.75,35.25,POINT (-101.75 35.25)
36908,36833,-101.25,35.25,POINT (-101.25 35.25)
36909,36834,-100.75,35.25,POINT (-100.75 35.25)
36910,36835,-100.25,35.25,POINT (-100.25 35.25)
36911,36836,-99.75,35.25,POINT (-99.75 35.25)
36912,36837,-99.25,35.25,POINT (-99.25 35.25)
36913,36838,-98.75,35.25,POINT (-98.75 35.25)
36914,36839,-98.25,35.25,POINT (-98.25 35.25)
36915,36840,-97.75,35.25,POINT (-97.75 35.25)
36916,36841,-97.25,35.25,POINT (-97.25 35.25)
36917,36842,-96.75,35.25,POINT (-96.75 35.25)
36918,36843,-96.25,35.25,POINT (-96.25 35.25)
36919,36844,-95.75,35.25,POINT (-95.75 35.25)
36920,36845,-95.25,35.25,POINT (-95.25 35.25)
36921,36846,-94.75,35.25,POINT (-94.75 35.25)
36922,36847,-94.25,35.25,POINT (-94.25 35.25)
36923,36848,-93.75,35.25,POINT (-93.75 35.25)
36924,36849,-93.25,35.25,POINT (-93.25 35.25)
36925,36850,-92.75,35.25,POINT (-92.75 35.25)
36926,36851,-92.25,35.25,POINT (-92.25 35.25)
36927,36852,-91.75,35.25,POINT (-91.75 35.25)
36928,36853,-91.25,35.25,POINT (-91.25 35.25)
36929,36854,-90.75,35.25,POINT (-90.75 35.25)
36930,36855,-90.25,35.25,POINT (-90.25 35.25)
36931,36856,-89.75,35.25,POINT (-89.75 35.25)
36932,36857,-89.25,35.25,POINT (-89.25 35.25)
36933,36858,-88.75,35.25,POINT (-88.75 35.25)
36934,36859,-88.25,35.25,POINT (-88.25 35.25)
36935,36860,-87.75,35.25,POINT (-87.75 35.25)
36936,36861,-87.25,35.25,POINT (-87.25 35.25)
36937,36862,-86.75,35.25,POINT (-86.75 35.25)
36938,36863,-86.25,35.25,POINT (-86.25 35.25)
36939,36864,-85.75,35.25,POINT (-85.75 35.25)
36940,36865,-85.25,35.25,POINT (-85.25 35.25)
36941,36866,-84.75,35.25,POINT (-84.75 35.25)
36942,36867,-84.25,35.25,POINT (-84.25 35.25)
36943,36868,-83.75,35.25,POINT (-83.75 35.25)
36944,36869,-83.25,35.25,POINT (-83.25 35.25)
36945,36870,-82.75,35.25,POINT (-82.75 35.25)
37238,37163,-103.25,34.75,POINT (-103.25 34.75)
37239,37164,-102.75,34.75,POINT (-102.75 34.75)
37240,37165,-102.25,34.75,POINT (-102.25 34.75)
37241,37166,-101.75,34.75,POINT (-101.75 34.75)
37242,37167,-101.25,34.75,POINT (-101.25 34.75)
37243,37168,-100.75,34.75,POINT (-100.75 34.75)
37244,37169,-100.25,34.75,POINT (-100.25 34.75)
37245,37170,-99.75,34.75,POINT (-99.75 34.75)
37246,37171,-99.25,34.75,POINT (-99.25 34.75)
37247,37172,-98.75,34.75,POINT (-98.75 34.75)
37248,37173,-98.25,34.75,POINT (-98.25 34.75)
37249,37174,-97.75,34.75,POINT (-97.75 34.75)
37250,37175,-97.25,34.75,POINT (-97.25 34.75)
37251,37176,-96.75,34.75,POINT (-96.75 34.75)
37252,37177,-96.25,34.75,POINT (-96.25 34.75)
37253,37178,-95.75,34.75,POINT (-95.75 34.75)
37254,37179,-95.25,34.75,POINT (-95.25 34.75)
37255,37180,-94.75,34.75,POINT (-94.75 34.75)
37256,37181,-94.25,34.75,POINT (-94.25 34.75)
37257,37182,-93.75,34.75,POINT (-93.75 34.75)
37258,37183,-93.25,34.75,POINT (-93.25 34.75)
37259,37184,-92.75,34.75,POINT (-92.75 34.75)
37260,37185,-92.25,34.75,POINT (-92.25 34.75)
37261,37186,-91.75,34.75,POINT (-91.75 34.75)
37262,37187,-91.25,34.75,POINT (-91.25 34.75)
37263,37188,-90.75,34.75,POINT (-90.75 34.75)
37264,37189,-90.25,34.75,POINT (-90.25 34.75)
37265,37190,-89.75,34.75,POINT (-89.75 34.75)
37266,37191,-89.25,34.75,POINT (-89.25 34.75)
37267,37192,-88.75,34.75,POINT (-88.75 34.75)
37268,37193,-88.25,34.75,POINT (-88.25 34.75)
37269,37194,-87.75,34.75,POINT (-87.75 34.75)
37270,37195,-87.25,34.75,POINT (-87.25 34.75)
37271,37196,-86.75,34.75,POINT (-86.75 34.75)
37272,37197,-86.25,34.75,POINT (-86.25 34.75)
37273,37198,-85.75,34.75,POINT (-85.75 34.75)
37274,37199,-85.25,34.75,POINT (-85.25 34.75)
37276,37201,-84.25,34.75,POINT (-84.25 34.75)
37569,37494,-100.75,34.25,POINT (-100.75 34.25)
37570,37495,-100.25,34.25,POINT (-100.25 34.25)
37571,37496,-99.75,34.25,POINT (-99.75 34.25)
37572,37497,-99.25,34.25,POINT (-99.25 34.25)
37573,37498,-98.75,34.25,POINT (-98.75 34.25)
37574,37499,-98.25,34.25,POINT (-98.25 34.25)
37575,37500,-97.75,34.25,POINT (-97.75 34.25)
37576,37501,-97.25,34.25,POINT (-97.25 34.25)
37577,37502,-96.75,34.25,POINT (-96.75 34.25)
37578,37503,-96.25,34.25,POINT (-96.25 34.25)
37579,37504,-95.75,34.25,POINT (-95.75 34.25)
37580,37505,-95.25,34.25,POINT (-95.25 34.25)
37581,37506,-94.75,34.25,POINT (-94.75 34.25)
37582,37507,-94.25,34.25,POINT (-94.25 34.25)
37583,37508,-93.75,34.25,POINT (-93.75 34.25)
37584,37509,-93.25,34.25,POINT (-93.25 34.25)
37585,37510,-92.75,34.25,POINT (-92.75 34.25)
37586,37511,-92.25,34.25,POINT (-92.25 34.25)
37587,37512,-91.75,34.25,POINT (-91.75 34.25)
37588,37513,-91.25,34.25,POINT (-91.25 34.25)
37589,37514,-90.75,34.25,POINT (-90.75 34.25)
37590,37515,-90.25,34.25,POINT (-90.25 34.25)
37591,37516,-89.75,34.25,POINT (-89.75 34.25)
37592,37517,-89.25,34.25,POINT (-89.25 34.25)
37595,37520,-87.75,34.25,POINT (-87.75 34.25)
37598,37523,-86.25,34.25,POINT (-86.25 34.25)
37879,37804,-100.75,33.75,POINT (-100.75 33.75)
37880,37805,-100.25,33.75,POINT (-100.25 33.75)
37881,37806,-99.75,33.75,POINT (-99.75 33.75)
37882,37807,-99.25,33.75,POINT (-99.25 33.75)
37883,37808,-98.75,33.75,POINT (-98.75 33.75)
37884,37809,-98.25,33.75,POINT (-98.25 33.75)
37885,37810,-97.75,33.75,POINT (-97.75 33.75)
37886,37811,-97.25,33.75,POINT (-97.25 33.75)
37887,37812,-96.75,33.75,POINT (-96.75 33.75)
37888,37813,-96.25,33.75,POINT (-96.25 33.75)
37889,37814,-95.75,33.75,POINT (-95.75 33.75)
37890,37815,-95.25,33.75,POINT (-95.25 33.75)
37891,37816,-94.75,33.75,POINT (-94.75 33.75)
37892,37817,-94.25,33.75,POINT (-94.25 33.75)
37893,37818,-93.75,33.75,POINT (-93.75 33.75)
37894,37819,-93.25,33.75,POINT (-93.25 33.75)
37895,37820,-92.75,33.75,POINT (-92.75 33.75)
37896,37821,-92.25,33.75,POINT (-92.25 33.75)
37897,37822,-91.75,33.75,POINT (-91.75 33.75)
37898,37823,-91.25,33.75,POINT (-91.25 33.75)
37899,37824,-90.75,33.75,POINT (-90.75 33.75)
37900,37825,-90.25,33.75,POINT (-90.25 33.75)
37901,37826,-89.75,33.75,POINT (-89.75 33.75)
37902,37827,-89.25,33.75,POINT (-89.25 33.75)
38202,38127,-95.75,33.25,POINT (-95.75 33.25)
38203,38128,-95.25,33.25,POINT (-95.25 33.25)
38204,38129,-94.75,33.25,POINT (-94.75 33.25)
38205,38130,-94.25,33.25,POINT (-94.25 33.25)
38206,38131,-93.75,33.25,POINT (-93.75 33.25)
38207,38132,-93.25,33.25,POINT (-93.25 33.25)
38208,38133,-92.75,33.25,POINT (-92.75 33.25)
38209,38134,-92.25,33.25,POINT (-92.25 33.25)
38210,38135,-91.75,33.25,POINT (-91.75 33.25)
38211,38136,-91.25,33.25,POINT (-91.25 33.25)
38212,38137,-90.75,33.25,POINT (-90.75 33.25)
38213,38138,-90.25,33.25,POINT (-90.25 33.25)
38214,38139,-89.75,33.25,POINT (-89.75 33.25)
38513,38438,-94.75,32.75,POINT (-94.75 32.75)
38514,38439,-94.25,32.75,POINT (-94.25 32.75)
38515,38440,-93.75,32.75,POINT (-93.75 32.75)
38516,38441,-93.25,32.75,POINT (-93.25 32.75)
38517,38442,-92.75,32.75,POINT (-92.75 32.75)
38518,38443,-92.25,32.75,POINT (-92.25 32.75)
38519,38444,-91.75,32.75,POINT (-91.75 32.75)
38520,38445,-91.25,32.75,POINT (-91.25 32.75)
38521,38446,-90.75,32.75,POINT (-90.75 32.75)
38522,38447,-90.25,32.75,POINT (-90.25 32.75)
38830,38755,-93.75,32.25,POINT (-93.75 32.25)
38831,38756,-93.25,32.25,POINT (-93.25 32.25)
38832,38757,-92.75,32.25,POINT (-92.75 32.25)
38833,38758,-92.25,32.25,POINT (-92.25 32.25)
38834,38759,-91.75,32.25,POINT (-91.75 32.25)
38835,38760,-91.25,32.25,POINT (-91.25 32.25)
38836,38761,-90.75,32.25,POINT (-90.75 32.25)
39147,39072,-93.25,31.75,POINT (-93.25 31.75)
39148,39073,-92.75,31.75,POINT (-92.75 31.75)
39149,39074,-92.25,31.75,POINT (-92.25 31.75)
39150,39075,-91.75,31.75,POINT (-91.75 31.75)
39151,39076,-91.25,31.75,POINT (-91.25 31.75)
39152,39077,-90.75,31.75,POINT (-90.75 31.75)
39465,39390,-92.25,31.25,POINT (-92.25 31.25)
39466,39391,-91.75,31.25,POINT (-91.75 31.25)
39467,39392,-91.25,31.25,POINT (-91.25 31.25)
39468,39393,-90.75,31.25,POINT (-90.75 31.25)
39795,39720,-92.25,30.75,POINT (-92.25 30.75)
39796,39721,-91.75,30.75,POINT (-91.75 30.75)
39797,39722,-91.25,30.75,POINT (-91.25 30.75)
39798,39723,-90.75,30.75,POINT (-90.75 30.75)
40135,40060,-91.25,30.25,POINT (-91.25 30.25)
40136,40061,-90.75,30.25,POINT (-90.75 30.25)
40474,40399,-90.75,29.75,POINT (-90.75 29.75)
40475,40400,-90.25,29.75,POINT (-90.25 29.75)
40476,40401,-89.75,29.75,POINT (-89.75 29.75)
40797,40722,-89.25,29.25,POINT (-89.25 29.25)
